start,end
01/06/1857,01/12/1858
01/10/1860,01/06/1861
01/04/1865,01/12/1867
01/06/1869,01/12/1870
01/10/1873,01/03/1879
01/03/1882,01/05/1885
01/03/1887,01/04/1888
01/07/1890,01/05/1891
01/01/1893,01/06/1894
01/12/1895,01/06/1897
01/01/1899,01/12/1900
01/09/1902,01/08/1904
01/05/1907,01/06/1908
01/01/1910,01/01/1912
01/01/1913,01/12/1914
01/08/1918,01/03/1919
01/01/1920,01/07/1921
01/05/1923,01/07/1924
01/10/1926,01/11/1927
01/08/1929,01/03/1933
01/05/1937,01/06/1938
01/02/1945,01/10/1945
01/11/1948,01/10/1949
01/07/1953,01/05/1954
01/08/1957,01/04/1958
01/04/1960,01/02/1961
01/12/1969,01/11/1970
01/11/1973,01/03/1975
01/01/1980,01/07/1980
01/07/1981,01/11/1982
01/07/1990,01/03/1991
01/03/2001,01/11/2001
01/12/2007,01/06/2009
01/02/2020,01/04/2020